timestamp,Power(MW),day_of_week,month,lag_1,lag_2,rolling_mean_7
2006-01-08,13.955172413793104,6,1,16.43103448275862,10.366206896551724,8.82807881773399
2006-01-09,9.955862068965516,0,1,13.955172413793104,4.277931034482759,9.639211822660098
2006-01-10,15.586206896551724,1,1,9.955862068965516,1.096551724137931,11.709162561576354
2006-01-11,6.651034482758621,2,1,15.586206896551724,4.403448275862069,12.030246305418718
2006-01-12,16.298620689655174,3,1,6.651034482758621,14.837241379310345,12.239014778325124
2006-01-13,10.552413793103447,4,1,16.298620689655174,6.795172413793103,12.77576354679803
2006-01-14,2.7744827586206897,5,1,10.552413793103447,16.43103448275862,10.824827586206897
2006-01-15,18.201379310344826,6,1,2.7744827586206897,13.955172413793104,11.43142857142857
2006-01-16,12.109655172413794,0,1,18.201379310344826,9.955862068965516,11.73911330049261
2006-01-17,4.5441379310344825,1,1,12.109655172413794,15.586206896551724,10.16167487684729
2006-01-18,1.4937931034482759,2,1,4.5441379310344825,6.651034482758621,9.424926108374384
2006-01-19,12.160689655172414,3,1,1.4937931034482759,16.298620689655174,8.833793103448276
2006-01-20,15.275862068965518,4,1,12.160689655172414,10.552413793103447,9.508571428571429
2006-01-21,6.348965517241379,5,1,15.275862068965518,2.7744827586206897,10.019211822660099
2006-01-22,16.808275862068964,6,1,6.348965517241379,18.201379310344826,9.820197044334975
2006-01-23,2.1227586206896554,0,1,16.808275862068964,12.109655172413794,8.393497536945812
2006-01-24,17.740689655172414,1,1,2.1227586206896554,4.5441379310344825,10.27871921182266
2006-01-25,10.904137931034482,2,1,17.740689655172414,1.4937931034482759,11.62305418719212
2006-01-26,18.759999999999998,3,1,10.904137931034482,12.160689655172414,12.565812807881773
2006-01-27,17.481379310344828,4,1,18.759999999999998,15.275862068965518,12.880886699507387
2006-01-28,15.196551724137931,5,1,17.481379310344828,6.348965517241379,14.144827586206896
2006-01-29,3.1386206896551725,6,1,15.196551724137931,16.808275862068964,12.192019704433497
2006-01-30,15.737241379310346,0,1,3.1386206896551725,2.1227586206896554,14.13694581280788
2006-01-31,2.4793103448275864,1,1,15.737241379310346,17.740689655172414,11.956748768472906
2006-02-01,13.373103448275861,2,2,2.4793103448275864,10.904137931034482,12.309458128078818
2006-02-02,14.459310344827585,3,2,13.373103448275861,18.759999999999998,11.695073891625617
2006-02-03,8.171034482758621,4,2,14.459310344827585,17.481379310344828,10.365024630541871
2006-02-04,3.217241379310345,5,2,8.171034482758621,15.196551724137931,8.653694581280789
2006-02-05,7.483448275862068,6,2,3.217241379310345,3.1386206896551725,9.274384236453201
2006-02-06,19.246896551724138,0,2,7.483448275862068,15.737241379310346,9.775763546798029
2006-02-07,19.068275862068965,1,2,19.246896551724138,2.4793103448275864,12.145615763546799
2006-02-08,15.490344827586206,2,2,19.068275862068965,13.373103448275861,12.448078817733988
2006-02-09,16.657241379310346,3,2,15.490344827586206,14.459310344827585,12.76206896551724
2006-02-10,14.766896551724138,4,2,16.657241379310346,8.171034482758621,13.70433497536946
2006-02-11,2.588965517241379,5,2,14.766896551724138,3.217241379310345,13.614581280788176
2006-02-12,4.13448275862069,6,2,2.588965517241379,7.483448275862068,13.136157635467981
2006-02-13,19.589655172413792,0,2,4.13448275862069,19.246896551724138,13.185123152709357
2006-02-14,20.066896551724138,1,2,19.589655172413792,19.068275862068965,13.327783251231526
2006-02-15,19.311724137931034,2,2,20.066896551724138,15.490344827586206,13.87369458128079
2006-02-16,18.70896551724138,3,2,19.311724137931034,16.657241379310346,14.16679802955665
2006-02-17,8.514482758620689,4,2,18.70896551724138,14.766896551724138,13.2735960591133
2006-02-18,2.5786206896551724,5,2,8.514482758620689,2.588965517241379,13.272118226600984
2006-02-19,21.260689655172413,6,2,2.5786206896551724,4.13448275862069,15.718719211822659
2006-02-20,6.700689655172414,0,2,21.260689655172413,19.589655172413792,13.87743842364532
2006-02-21,19.824827586206897,1,2,6.700689655172414,20.066896551724138,13.842857142857143
2006-02-22,2.039310344827586,2,2,19.824827586206897,19.311724137931034,11.375369458128079
2006-02-23,7.633793103448276,3,2,2.039310344827586,18.70896551724138,9.793201970443349
2006-02-24,21.199310344827587,4,2,7.633793103448276,8.514482758620689,11.605320197044335
2006-02-25,15.083448275862068,5,2,21.199310344827587,2.5786206896551724,13.391724137931035
2006-02-26,14.667586206896553,6,2,15.083448275862068,21.260689655172413,12.44985221674877
2006-02-27,17.53103448275862,0,2,14.667586206896553,6.700689655172414,13.99704433497537
2006-02-28,16.039310344827584,1,2,17.53103448275862,19.824827586206897,13.456256157635467
2006-03-01,13.413103448275862,2,3,16.039310344827584,2.039310344827586,15.081083743842365
2006-03-02,9.031724137931034,3,3,13.413103448275862,7.633793103448276,15.280788177339902
2006-03-03,22.042758620689654,4,3,9.031724137931034,21.199310344827587,15.40128078817734
2006-03-04,22.35379310344828,5,3,22.042758620689654,15.083448275862068,16.439901477832514
2006-03-05,22.424137931034483,6,3,22.35379310344828,14.667586206896553,17.5479802955665
2006-03-06,15.109655172413794,0,3,22.424137931034483,17.53103448275862,17.202068965517242
2006-03-07,22.073793103448274,1,3,15.109655172413794,16.039310344827584,18.064137931034484
2006-03-08,20.88,2,3,22.073793103448274,13.413103448275862,19.130837438423644
2006-03-09,13.115172413793104,3,3,20.88,9.031724137931034,19.714187192118228
2006-03-10,17.08137931034483,4,3,13.115172413793104,22.042758620689654,19.005418719211825
2006-03-11,20.801379310344828,5,3,17.08137931034483,22.35379310344828,18.783645320197046
2006-03-12,12.05655172413793,6,3,20.801379310344828,22.424137931034483,17.30256157635468
2006-03-13,20.46551724137931,0,3,12.05655172413793,15.109655172413794,18.067684729064037
2006-03-14,8.097241379310343,1,3,20.46551724137931,22.073793103448274,16.071034482758623
2006-03-15,21.306206896551725,2,3,8.097241379310343,20.88,16.13192118226601
2006-03-16,20.044137931034484,3,3,21.306206896551725,13.115172413793104,17.121773399014778
2006-03-17,15.882068965517242,4,3,20.044137931034484,17.08137931034483,16.950443349753694
2006-03-18,24.032413793103448,5,3,15.882068965517242,20.801379310344828,17.412019704433497
2006-03-19,21.51241379310345,6,3,24.032413793103448,12.05655172413793,18.762857142857143
2006-03-20,18.982758620689655,0,3,21.51241379310345,20.46551724137931,18.55103448275862
2006-03-21,7.354482758620691,1,3,18.982758620689655,8.097241379310343,18.444926108374382
2006-03-22,23.747586206896553,2,3,7.354482758620691,21.306206896551725,18.79369458128079
2006-03-23,18.77655172413793,3,3,23.747586206896553,20.044137931034484,18.61261083743842
2006-03-24,16.522758620689658,4,3,18.77655172413793,15.882068965517242,18.704137931034484
2006-03-25,6.028275862068965,5,3,16.522758620689658,24.032413793103448,16.132118226600987
2006-03-26,8.213103448275863,6,3,6.028275862068965,21.51241379310345,14.232216748768476
2006-03-27,24.266206896551722,0,3,8.213103448275863,18.982758620689655,14.986995073891629
2006-03-28,11.550344827586207,1,3,24.266206896551722,7.354482758620691,15.5864039408867
2006-03-29,21.755862068965516,2,3,11.550344827586207,23.747586206896553,15.301871921182267
2006-03-30,23.622758620689655,3,3,21.755862068965516,18.77655172413793,15.994187192118227
2006-03-31,22.91103448275862,4,3,23.622758620689655,16.522758620689658,16.90679802955665
2006-04-01,16.249655172413792,5,4,22.91103448275862,6.028275862068965,18.366995073891623
2006-04-02,22.499310344827588,6,4,16.249655172413792,8.213103448275863,20.407881773399016
2006-04-03,7.358620689655172,0,4,22.499310344827588,24.266206896551722,17.992512315270936
2006-04-04,20.482068965517243,1,4,7.358620689655172,11.550344827586207,19.26847290640394
2006-04-05,18.399310344827587,2,4,20.482068965517243,21.755862068965516,18.788965517241383
2006-04-06,18.493793103448276,3,4,18.399310344827587,23.622758620689655,18.056256157635467
2006-04-07,11.39655172413793,4,4,18.493793103448276,22.91103448275862,16.411330049261085
2006-04-08,4.099310344827586,5,4,11.39655172413793,16.249655172413792,14.675566502463054
2006-04-09,21.38896551724138,6,4,4.099310344827586,22.499310344827588,14.516945812807885
2006-04-10,24.015862068965518,0,4,21.38896551724138,7.358620689655172,16.896551724137932
2006-04-11,23.240689655172414,1,4,24.015862068965518,20.482068965517243,17.29064039408867
2006-04-12,18.725517241379308,2,4,23.240689655172414,18.399310344827587,17.337241379310345
2006-04-13,16.54551724137931,3,4,18.725517241379308,18.493793103448276,17.058916256157634
2006-04-14,6.106206896551724,4,4,16.54551724137931,11.39655172413793,16.303152709359605
2006-04-15,19.602068965517244,5,4,6.106206896551724,4.099310344827586,18.51783251231527
2006-04-16,20.484827586206897,6,4,19.602068965517244,21.38896551724138,18.388669950738915
2006-04-17,5.002068965517241,0,4,20.484827586206897,24.015862068965518,15.672413793103448
2006-04-18,24.130344827586207,1,4,5.002068965517241,23.240689655172414,15.79950738916256
2006-04-19,24.08758620689655,2,4,24.130344827586207,18.725517241379308,16.56551724137931
2006-04-20,23.833793103448276,3,4,24.08758620689655,16.54551724137931,17.606699507389163
2006-04-21,13.102758620689656,4,4,23.833793103448276,6.106206896551724,18.606206896551726
2006-04-22,6.759310344827586,5,4,13.102758620689656,19.602068965517244,16.771527093596056
2006-04-23,13.327586206896552,6,4,6.759310344827586,20.484827586206897,15.749064039408866
2006-04-24,17.34,0,4,13.327586206896552,5.002068965517241,17.511625615763545
2006-04-25,23.88689655172414,1,4,17.34,24.130344827586207,17.476847290640393
2006-04-26,17.701379310344826,2,4,23.88689655172414,24.08758620689655,16.564532019704433
2006-04-27,21.797931034482758,3,4,17.701379310344826,23.833793103448276,16.273694581280786
2006-04-28,25.96551724137931,4,4,21.797931034482758,13.102758620689656,18.111231527093597
2006-04-29,24.731724137931035,5,4,25.96551724137931,6.759310344827586,20.67871921182266
2006-04-30,24.188275862068966,6,4,24.731724137931035,13.327586206896552,22.23024630541872
2006-05-01,15.913793103448276,0,5,24.188275862068966,17.34,22.02650246305419
2006-05-02,24.400689655172414,1,5,15.913793103448276,23.88689655172414,22.099901477832514
2006-05-03,19.970344827586207,2,5,24.400689655172414,17.701379310344826,22.424039408866996
2006-05-04,22.54551724137931,3,5,19.970344827586207,21.797931034482758,22.530837438423646
2006-05-05,12.673103448275862,4,5,22.54551724137931,25.96551724137931,20.631921182266012
2006-05-06,19.76551724137931,5,5,12.673103448275862,24.731724137931035,19.922463054187194
2006-05-07,23.483448275862067,6,5,19.76551724137931,24.188275862068966,19.821773399014777
2006-05-08,6.686896551724138,0,5,23.483448275862067,15.913793103448276,18.503645320197045
2006-05-09,20.78758620689655,1,5,6.686896551724138,24.400689655172414,17.987487684729064
2006-05-10,24.428275862068965,2,5,20.78758620689655,19.970344827586207,18.624334975369457
2006-05-11,16.607586206896553,3,5,24.428275862068965,22.54551724137931,17.77605911330049
2006-05-12,22.211724137931032,4,5,16.607586206896553,12.673103448275862,19.13871921182266
2006-05-13,17.640689655172416,5,5,22.211724137931032,19.76551724137931,18.835172413793106
2006-05-14,6.64,6,5,17.640689655172416,23.483448275862067,16.42896551724138
2006-05-15,17.34344827586207,0,5,6.64,6.686896551724138,17.951330049261085
2006-05-16,19.451724137931034,1,5,17.34344827586207,20.78758620689655,17.76049261083744
2006-05-17,22.12551724137931,2,5,19.451724137931034,24.428275862068965,17.431527093596056
2006-05-18,21.55655172413793,3,5,22.12551724137931,16.607586206896553,18.138522167487686
2006-05-19,18.697241379310345,4,5,21.55655172413793,22.211724137931032,17.636453201970443
2006-05-20,18.664137931034485,5,5,18.697241379310345,17.640689655172416,17.782660098522168
2006-05-21,23.759310344827586,6,5,18.664137931034485,6.64,20.228275862068966
2006-05-22,23.98,0,5,23.759310344827586,17.34344827586207,21.176354679802955
2006-05-23,24.67655172413793,1,5,23.98,19.451724137931034,21.922758620689656
2006-05-24,23.826206896551724,2,5,24.67655172413793,22.12551724137931,22.165714285714284
2006-05-25,8.00206896551724,3,5,23.826206896551724,21.55655172413793,20.22935960591133
2006-05-26,16.959999999999997,4,5,8.00206896551724,18.697241379310345,19.981182266009853
2006-05-27,18.628275862068964,5,5,16.959999999999997,18.664137931034485,19.976059113300494
2006-05-28,23.72689655172414,6,5,18.628275862068964,23.759310344827586,19.97142857142857
2006-05-29,22.74551724137931,0,5,23.72689655172414,23.98,19.795073891625613
2006-05-30,22.298620689655174,1,5,22.74551724137931,24.67655172413793,19.45536945812808
2006-05-31,17.452413793103446,2,5,22.298620689655174,23.826206896551724,18.544827586206896
2006-06-01,17.008275862068963,3,6,17.452413793103446,8.00206896551724,19.83142857142857
2006-06-02,15.028275862068964,4,6,17.008275862068963,16.959999999999997,19.555467980295564
2006-06-03,5.2365517241379305,5,6,15.028275862068964,18.628275862068964,17.642364532019705
2006-06-04,20.607586206896553,6,6,5.2365517241379305,23.72689655172414,17.196748768472908
2006-06-05,7.122068965517242,0,6,20.607586206896553,22.74551724137931,14.964827586206896
2006-06-06,7.297931034482759,1,6,7.122068965517242,22.298620689655174,12.821871921182266
2006-06-07,11.63655172413793,2,6,7.297931034482759,17.452413793103446,11.991034482758621
2006-06-08,18.291724137931034,3,6,11.63655172413793,17.008275862068963,12.174384236453202
2006-06-09,18.002068965517243,4,6,18.291724137931034,15.028275862068964,12.599211822660099
2006-06-10,19.15103448275862,5,6,18.002068965517243,5.2365517241379305,14.586995073891627
2006-06-11,21.266206896551722,6,6,19.15103448275862,20.607586206896553,14.681083743842365
2006-06-12,6.062758620689656,0,6,21.266206896551722,7.122068965517242,14.529753694581279
2006-06-13,23.45793103448276,1,6,6.062758620689656,7.297931034482759,16.83832512315271
2006-06-14,4.437241379310344,2,6,23.45793103448276,11.63655172413793,15.809852216748768
2006-06-15,20.948275862068964,3,6,4.437241379310344,18.291724137931034,16.18935960591133
2006-06-16,23.120689655172413,4,6,20.948275862068964,18.002068965517243,16.920591133004926
2006-06-17,21.399310344827587,5,6,23.120689655172413,19.15103448275862,17.24177339901478
2006-06-18,21.997931034482757,6,6,21.399310344827587,21.266206896551722,17.34630541871921
2006-06-19,23.052413793103447,0,6,21.997931034482757,6.062758620689656,19.773399014778327
2006-06-20,19.609655172413795,1,6,23.052413793103447,23.45793103448276,19.223645320197047
2006-06-21,21.555172413793102,2,6,19.609655172413795,4.437241379310344,21.669064039408862
2006-06-22,17.775862068965516,3,6,21.555172413793102,20.948275862068964,21.215862068965517
2006-06-23,8.142068965517241,4,6,17.775862068965516,23.120689655172413,19.07605911330049
2006-06-24,11.08551724137931,5,6,8.142068965517241,21.399310344827587,17.60266009852217
2006-06-25,17.039310344827584,6,6,11.08551724137931,21.997931034482757,16.89428571428571
2006-06-26,10.143448275862069,0,6,17.039310344827584,23.052413793103447,15.050147783251232
2006-06-27,10.810344827586206,1,6,10.143448275862069,19.609655172413795,13.793103448275861
2006-06-28,16.489655172413794,2,6,10.810344827586206,21.555172413793102,13.069458128078818
2006-06-29,16.11310344827586,3,6,16.489655172413794,17.775862068965516,12.83192118226601
2006-06-30,22.80896551724138,4,6,16.11310344827586,8.142068965517241,14.9271921182266
2006-07-01,21.722758620689657,5,7,22.80896551724138,11.08551724137931,16.44679802955665
2006-07-02,21.755862068965516,6,7,21.722758620689657,17.039310344827584,17.120591133004925
2006-07-03,18.9,0,7,21.755862068965516,10.143448275862069,18.371527093596058
2006-07-04,20.024827586206897,1,7,18.9,10.810344827586206,19.687881773399017
2006-07-05,14.99103448275862,2,7,20.024827586206897,16.489655172413794,19.473793103448276
2006-07-06,5.962758620689655,3,7,14.99103448275862,16.11310344827586,18.02374384236453
2006-07-07,19.955172413793104,4,7,5.962758620689655,22.80896551724138,17.61605911330049
2006-07-08,10.972413793103449,5,7,19.955172413793104,21.722758620689657,16.08029556650246
2006-07-09,20.36344827586207,6,7,10.972413793103449,21.755862068965516,15.881379310344828
2006-07-10,21.59448275862069,0,7,20.36344827586207,18.9,16.26630541871921
2006-07-11,21.482758620689655,1,7,21.59448275862069,20.024827586206897,16.47458128078818
2006-07-12,18.87448275862069,2,7,21.482758620689655,14.99103448275862,17.02935960591133
2006-07-13,11.44551724137931,3,7,18.87448275862069,5.962758620689655,17.812610837438424
2006-07-14,9.547586206896552,4,7,11.44551724137931,19.955172413793104,16.32581280788177
2006-07-15,9.833103448275862,5,7,9.547586206896552,10.972413793103449,16.16305418719212
2006-07-16,21.47586206896552,6,7,9.833103448275862,20.36344827586207,16.321970443349752
2006-07-17,21.962758620689655,0,7,21.47586206896552,21.59448275862069,16.374581280788178
2006-07-18,21.344827586206897,1,7,21.962758620689655,21.482758620689655,16.35487684729064
2006-07-19,21.52344827586207,2,7,21.344827586206897,18.87448275862069,16.73330049261084
2006-07-20,18.489655172413794,3,7,21.52344827586207,11.44551724137931,17.73960591133005
2006-07-21,21.274482758620692,4,7,18.489655172413794,9.547586206896552,19.41487684729064
2006-07-22,6.462068965517242,5,7,21.274482758620692,9.833103448275862,18.93330049261084
2006-07-23,9.517241379310345,6,7,6.462068965517242,21.47586206896552,17.224926108374383
2006-07-24,20.575172413793105,0,7,9.517241379310345,21.962758620689655,17.026699507389164
2006-07-25,12.833793103448276,1,7,20.575172413793105,21.344827586206897,15.810837438423647
2006-07-26,18.775172413793104,2,7,12.833793103448276,21.52344827586207,15.418226600985221
2006-07-27,19.79655172413793,3,7,18.775172413793104,18.489655172413794,15.604926108374384
2006-07-28,20.18,4,7,19.79655172413793,21.274482758620692,15.448571428571428
2006-07-29,20.73103448275862,5,7,20.18,6.462068965517242,17.486995073891627
2006-07-30,18.94344827586207,6,7,20.73103448275862,9.517241379310345,18.8335960591133
2006-07-31,20.567586206896554,0,7,18.94344827586207,20.575172413793105,18.83251231527094
2006-08-01,19.896551724137932,1,8,20.567586206896554,12.833793103448276,19.841477832512314
2006-08-02,19.651724137931033,2,8,19.896551724137932,18.775172413793104,19.966699507389162
2006-08-03,19.362068965517242,3,8,19.651724137931033,19.79655172413793,19.90463054187192
2006-08-04,20.373103448275863,4,8,19.362068965517242,20.18,19.93221674876847
2006-08-05,21.15655172413793,5,8,20.373103448275863,20.73103448275862,19.993004926108373
2006-08-06,20.986206896551725,6,8,21.15655172413793,18.94344827586207,20.284827586206898
2006-08-07,13.992413793103449,0,8,20.986206896551725,20.567586206896554,19.34551724137931
2006-08-08,20.18758620689655,1,8,13.992413793103449,19.896551724137932,19.387093596059113
2006-08-09,20.141379310344828,2,8,20.18758620689655,19.651724137931033,19.457044334975368
2006-08-10,7.615172413793104,3,8,20.141379310344828,19.362068965517242,17.778916256157636
2006-08-11,14.879999999999999,4,8,7.615172413793104,20.373103448275863,16.994187192118225
2006-08-12,20.462758620689655,5,8,14.879999999999999,21.15655172413793,16.895073891625618
2006-08-13,22.539310344827584,6,8,20.462758620689655,20.986206896551725,17.11694581280788
2006-08-14,22.361379310344827,0,8,22.539310344827584,13.992413793103449,18.312512315270936
2006-08-15,14.148275862068965,1,8,22.361379310344827,20.18758620689655,17.44975369458128
2006-08-16,20.571724137931035,2,8,14.148275862068965,20.141379310344828,17.511231527093596
2006-08-17,22.324827586206897,3,8,20.571724137931035,7.615172413793104,19.61261083743842
2006-08-18,12.739310344827587,4,8,22.324827586206897,14.879999999999999,19.306798029556653
2006-08-19,16.759310344827586,5,8,12.739310344827587,20.462758620689655,18.777733990147784
2006-08-20,14.879999999999999,6,8,16.759310344827586,22.539310344827584,17.683546798029557
2006-08-21,20.985517241379313,0,8,14.879999999999999,22.361379310344827,17.486995073891627
2006-08-22,17.769655172413792,1,8,20.985517241379313,14.148275862068965,18.004334975369456
2006-08-23,19.005517241379312,2,8,17.769655172413792,20.571724137931035,17.780591133004926
2006-08-24,14.17655172413793,3,8,19.005517241379312,22.324827586206897,16.61655172413793
2006-08-25,16.331724137931033,4,8,14.17655172413793,12.739310344827587,17.12975369458128
2006-08-26,16.813793103448276,5,8,16.331724137931033,16.759310344827586,17.13753694581281
2006-08-27,14.577241379310344,6,8,16.813793103448276,14.879999999999999,17.094285714285714
2006-08-28,9.46,0,8,14.577241379310344,20.985517241379313,15.447783251231527
2006-08-29,16.726206896551727,1,8,9.46,17.769655172413792,15.298719211822661
2006-08-30,4.0696551724137935,2,8,16.726206896551727,19.005517241379312,13.16502463054187
2006-08-31,5.960689655172414,3,8,4.0696551724137935,14.17655172413793,11.991330049261084
2006-09-01,2.546896551724138,4,9,5.960689655172414,16.331724137931033,10.02206896551724
2006-09-02,5.8868965517241385,5,9,2.546896551724138,16.813793103448276,8.461083743842364
2006-09-03,13.04206896551724,6,9,5.8868965517241385,14.577241379310344,8.241773399014779
2006-09-04,15.84689655172414,0,9,13.04206896551724,9.46,9.154187192118227
2006-09-05,5.348965517241379,1,9,15.84689655172414,16.726206896551727,7.528866995073892
2006-09-06,11.05793103448276,2,9,5.348965517241379,4.0696551724137935,8.527192118226601
2006-09-07,19.578620689655175,3,9,11.05793103448276,5.960689655172414,10.472610837438424
2006-09-08,16.073793103448274,4,9,19.578620689655175,2.546896551724138,12.405024630541874
2006-09-09,17.486896551724136,5,9,16.073793103448274,5.8868965517241385,14.062167487684729
2006-09-10,20.36344827586207,6,9,17.486896551724136,13.04206896551724,15.108078817733992
2006-09-11,14.171034482758621,0,9,20.36344827586207,15.84689655172414,14.868669950738918
2006-09-12,19.982068965517243,1,9,14.171034482758621,5.348965517241379,16.95911330049261
2006-09-13,11.44344827586207,2,9,19.982068965517243,11.05793103448276,17.01418719211823
2006-09-14,3.392413793103448,3,9,11.44344827586207,19.578620689655175,14.701871921182265
2006-09-15,7.9510344827586215,4,9,3.392413793103448,16.073793103448274,13.541477832512316
2006-09-16,9.767586206896551,5,9,7.9510344827586215,17.486896551724136,12.43871921182266
2006-09-17,19.423448275862068,6,9,9.767586206896551,20.36344827586207,12.304433497536946
2006-09-18,20.044137931034484,0,9,19.423448275862068,14.171034482758621,13.14344827586207
2006-09-19,10.614482758620689,1,9,20.044137931034484,19.982068965517243,11.805221674876845
2006-09-20,15.483448275862068,2,9,10.614482758620689,11.44344827586207,12.382364532019704
2006-09-21,21.05103448275862,3,9,15.483448275862068,3.392413793103448,14.905024630541872
2006-09-22,18.329655172413794,4,9,21.05103448275862,7.9510344827586215,16.38768472906404
2006-09-23,11.492413793103449,5,9,18.329655172413794,9.767586206896551,16.63408866995074
2006-09-24,12.089655172413794,6,9,11.492413793103449,19.423448275862068,15.586403940886699
2006-09-25,12.58,0,9,12.089655172413794,20.044137931034484,14.520098522167489
2006-09-26,15.462068965517242,1,9,12.58,10.614482758620689,15.212610837438424
2006-09-27,16.368965517241378,2,9,15.462068965517242,15.483448275862068,15.339113300492611
2006-09-28,16.177241379310345,3,9,16.368965517241378,21.05103448275862,14.642857142857142
2006-09-29,15.173103448275862,4,9,16.177241379310345,18.329655172413794,14.191921182266011
2006-09-30,14.697241379310345,5,9,15.173103448275862,11.492413793103449,14.64975369458128
2006-10-01,9.610344827586207,6,10,14.697241379310345,12.089655172413794,14.295566502463055
2006-10-02,20.58827586206897,0,10,9.610344827586207,12.58,15.43960591133005
2006-10-03,20.397241379310344,1,10,20.58827586206897,15.462068965517242,16.144630541871923
2006-10-04,18.47655172413793,2,10,20.397241379310344,16.368965517241378,16.445714285714285
2006-10-05,7.413103448275863,3,10,18.47655172413793,16.177241379310345,15.19369458128079
2006-10-06,1.5186206896551724,4,10,7.413103448275863,15.173103448275862,13.243054187192117
2006-10-07,1.5744827586206898,5,10,1.5186206896551724,14.697241379310345,11.368374384236452
2006-10-08,18.33241379310345,6,10,1.5744827586206898,9.610344827586207,12.614384236453203
2006-10-09,19.751034482758623,0,10,18.33241379310345,20.58827586206897,12.494778325123153
2006-10-10,17.329655172413794,1,10,19.751034482758623,20.397241379310344,12.056551724137933
2006-10-11,2.9924137931034482,2,10,17.329655172413794,18.47655172413793,9.844532019704433
2006-10-12,13.36,3,10,2.9924137931034482,7.413103448275863,10.69408866995074
2006-10-13,16.240000000000002,4,10,13.36,1.5186206896551724,12.797142857142859
2006-10-14,19.835172413793103,5,10,16.240000000000002,1.5744827586206898,15.405812807881775
2006-10-15,19.95448275862069,6,10,19.835172413793103,18.33241379310345,15.637536945812808
2006-10-16,17.137241379310346,0,10,19.95448275862069,19.751034482758623,15.264137931034485
2006-10-17,3.263448275862069,1,10,17.137241379310346,17.329655172413794,13.254679802955666
2006-10-18,9.186896551724137,2,10,3.263448275862069,2.9924137931034482,14.139605911330051
2006-10-19,7.008965517241379,3,10,9.186896551724137,13.36,13.232315270935961
2006-10-20,8.257241379310344,4,10,7.008965517241379,16.240000000000002,12.091921182266008
2006-10-21,18.471724137931034,5,10,8.257241379310344,19.835172413793103,11.897142857142857
2006-10-22,7.448275862068965,6,10,18.471724137931034,19.95448275862069,10.110541871921182
2006-10-23,13.339310344827586,0,10,7.448275862068965,17.137241379310346,9.567980295566501
2006-10-24,12.42,1,10,13.339310344827586,3.263448275862069,10.876059113300494
2006-10-25,16.504827586206897,2,10,12.42,9.186896551724137,11.921477832512315
2006-10-26,17.688275862068966,3,10,16.504827586206897,7.008965517241379,13.447093596059114
2006-10-27,2.6248275862068966,4,10,17.688275862068966,8.257241379310344,12.642463054187191
2006-10-28,9.481379310344828,5,10,2.6248275862068966,18.471724137931034,11.358128078817733
2006-10-29,18.246206896551723,6,10,9.481379310344828,7.448275862068965,12.900689655172414
2006-10-30,17.793793103448277,0,10,18.246206896551723,13.339310344827586,13.537044334975368
2006-10-31,13.444827586206896,1,10,17.793793103448277,12.42,13.683448275862068
2006-11-01,14.752413793103448,2,11,13.444827586206896,16.504827586206897,13.433103448275862
2006-11-02,9.507586206896551,3,11,14.752413793103448,17.688275862068966,12.264433497536945
2006-11-03,18.495172413793103,4,11,9.507586206896551,2.6248275862068966,14.531625615763547
2006-11-04,17.962758620689655,5,11,18.495172413793103,9.481379310344828,15.743251231527093
2006-11-05,16.50758620689655,6,11,17.962758620689655,18.246206896551723,15.49487684729064
2006-11-06,10.36758620689655,0,11,16.50758620689655,17.793793103448277,14.433990147783252
2006-11-07,7.336551724137931,1,11,10.36758620689655,13.444827586206896,13.561379310344828
2006-11-08,2.2337931034482756,2,11,7.336551724137931,14.752413793103448,11.773004926108374
2006-11-09,13.871724137931036,3,11,2.2337931034482756,9.507586206896551,12.396453201970443
2006-11-10,16.37448275862069,4,11,13.871724137931036,18.495172413793103,12.093497536945813
2006-11-11,15.013103448275862,5,11,16.37448275862069,17.962758620689655,11.672118226600984
2006-11-12,1.9724137931034482,6,11,15.013103448275862,16.50758620689655,9.595665024630543
2006-11-13,2.5482758620689654,0,11,1.9724137931034482,10.36758620689655,8.478620689655171
2006-11-14,4.076551724137931,1,11,2.5482758620689654,7.336551724137931,8.012906403940887
2006-11-15,11.03448275862069,2,11,4.076551724137931,2.2337931034482756,9.270147783251232
2006-11-16,6.927586206896552,3,11,11.03448275862069,13.871724137931036,8.278128078817733
2006-11-17,15.305517241379311,4,11,6.927586206896552,16.37448275862069,8.125418719211822
2006-11-18,15.600689655172413,5,11,15.305517241379311,15.013103448275862,8.20935960591133
2006-11-19,8.135172413793104,6,11,15.600689655172413,1.9724137931034482,9.08975369458128
2006-11-20,9.412413793103449,0,11,8.135172413793104,2.5482758620689654,10.070344827586208
2006-11-21,6.4848275862068965,1,11,9.412413793103449,4.076551724137931,10.414384236453202
2006-11-22,1.5937931034482757,2,11,6.4848275862068965,11.03448275862069,9.065714285714284
2006-11-23,2.7227586206896555,3,11,1.5937931034482757,6.927586206896552,8.465024630541873
2006-11-24,16.24344827586207,4,11,2.7227586206896555,15.305517241379311,8.599014778325124
2006-11-25,14.617241379310345,5,11,16.24344827586207,15.600689655172413,8.458522167487684
2006-11-26,14.977241379310344,6,11,14.617241379310345,8.135172413793104,9.435960591133005
2006-11-27,8.10344827586207,0,11,14.977241379310344,9.412413793103449,9.248965517241379
2006-11-28,11.726206896551723,1,11,8.10344827586207,6.4848275862068965,9.997733990147783
2006-11-29,6.810344827586207,2,11,11.726206896551723,1.5937931034482757,10.74295566502463
2006-11-30,11.520000000000001,3,11,6.810344827586207,2.7227586206896555,11.99970443349754
2006-12-01,5.342758620689655,4,12,11.520000000000001,16.24344827586207,10.442463054187192
2006-12-02,12.753103448275862,5,12,5.342758620689655,14.617241379310345,10.176157635467982
2006-12-03,3.4131034482758618,6,12,12.753103448275862,14.977241379310344,8.524137931034483
2006-12-04,16.631034482758622,0,12,3.4131034482758618,8.10344827586207,9.742364532019705
2006-12-05,15.682758620689656,1,12,16.631034482758622,11.726206896551723,10.307586206896554
2006-12-06,14.982068965517241,2,12,15.682758620689656,6.810344827586207,11.47497536945813
2006-12-07,12.419310344827586,3,12,14.982068965517241,11.520000000000001,11.603448275862068
2006-12-08,13.200689655172413,4,12,12.419310344827586,5.342758620689655,12.726009852216748
2006-12-09,13.628275862068964,5,12,13.200689655172413,12.753103448275862,12.851034482758621
2006-12-10,15.269655172413792,6,12,13.628275862068964,3.4131034482758618,14.544827586206896
2006-12-11,13.89793103448276,0,12,15.269655172413792,16.631034482758622,14.1543842364532
2006-12-12,14.291724137931036,1,12,13.89793103448276,15.682758620689656,13.95566502463054
2006-12-13,3.3751724137931034,2,12,14.291724137931036,14.982068965517241,12.297536945812807
2006-12-14,8.280689655172415,3,12,3.3751724137931034,12.419310344827586,11.70630541871921
2006-12-15,14.084827586206897,4,12,8.280689655172415,13.200689655172413,11.832610837438423
2006-12-16,15.236551724137932,5,12,14.084827586206897,13.628275862068964,12.062364532019705
2006-12-17,11.16344827586207,6,12,15.236551724137932,15.269655172413792,11.475763546798031
2006-12-18,13.817241379310344,0,12,11.16344827586207,13.89793103448276,11.464236453201972
2006-12-19,7.400689655172413,1,12,13.817241379310344,14.291724137931036,10.479802955665024
2006-12-20,15.293103448275861,2,12,7.400689655172413,3.3751724137931034,12.182364532019704
2006-12-21,3.422758620689655,3,12,15.293103448275861,8.280689655172415,11.488374384236455
2006-12-22,5.175862068965517,4,12,3.422758620689655,14.084827586206897,10.215665024630542
2006-12-23,3.109655172413793,5,12,5.175862068965517,15.236551724137932,8.483251231527094
2006-12-24,15.45793103448276,6,12,3.109655172413793,11.16344827586207,9.096748768472906
2006-12-25,1.8882758620689657,0,12,15.45793103448276,13.817241379310344,7.392610837438424
2006-12-26,5.621379310344828,1,12,1.8882758620689657,7.400689655172413,7.138423645320197
2006-12-27,8.84206896551724,2,12,5.621379310344828,15.293103448275861,6.216847290640394
2006-12-28,12.967586206896552,3,12,8.84206896551724,3.422758620689655,7.580394088669952
2006-12-29,12.215172413793104,4,12,12.967586206896552,5.175862068965517,8.58600985221675
2006-12-30,14.974482758620692,5,12,12.215172413793104,3.109655172413793,10.280985221674879
2006-12-31,6.8,6,12,14.974482758620692,15.45793103448276,9.044137931034482
